-BEGIN HEADER-,,,,,,,,,,,,,,
NASA/POWER CERES/MERRA2 Native Resolution Monthly and Annual ,,,,,,,,,,,,,,
Dates (month/day/year): 01/01/1981 through 12/31/2021 ,,,,,,,,,,,,,,
Location: Latitude  12.8769   Longitude 74.9912 ,,,,,,,,,,,,,,
Elevation from MERRA-2: Average for 0.5 x 0.625 degree lat/lon region = 162.98 meters,,,,,,,,,,,,,,
The value for missing source data that cannot be computed or is outside of the sources availability range: -999 ,,,,,,,,,,,,,,
Parameter(s): ,,,,,,,,,,,,,,
T2M                   MERRA-2 Temperature at 2 Meters (C) ,,,,,,,,,,,,,,
QV2M                  MERRA-2 Specific Humidity at 2 Meters (g/kg) ,,,,,,,,,,,,,,
ALLSKY_KT             CERES SYN1deg All Sky Insolation Clearness Index (dimensionless) ,,,,,,,,,,,,,,
ALLSKY_SRF_ALB        CERES SYN1deg All Sky Surface Albedo (dimensionless) ,,,,,,,,,,,,,,
ALLSKY_SFC_SW_DWN     CERES SYN1deg All Sky Surface Shortwave Downward Irradiance (kW-hr/m^2/day) ,,,,,,,,,,,,,,
CLRSKY_SFC_SW_DWN     CERES SYN1deg Clear Sky Surface Shortwave Downward Irradiance (kW-hr/m^2/day) ,,,,,,,,,,,,,,
-END HEADER-,,,,,,,,,,,,,,
PARAMETER,YEAR,JAN,FEB,MAR,APR,MAY,JUN,JUL,AUG,SEP,OCT,NOV,DEC,ANN
T2M,1981,25.38,27.18,29.18,29.46,28.12,25.71,25.47,25.24,25.18,25.41,25.16,25.01,26.37
T2M,1982,25.52,27.42,28.4,29.09,28.23,26.08,25.55,25.07,25.14,25.89,26,25.56,26.49
T2M,1983,25.75,26.53,27.94,28.99,28.65,26.9,25.68,25.07,24.85,25.32,25.08,25.61,26.36
T2M,1984,26.26,28.12,28.47,28.52,29.04,25.83,24.79,24.75,24.93,25.08,25.98,25.88,26.47
T2M,1985,26.62,27.58,28.84,29.23,28.37,25.46,24.5,24.62,25.08,25.19,25.15,25.43,26.33
T2M,1986,26.14,26.62,28.69,29.3,28.66,25.94,25.37,24.66,25.04,25.9,25.3,25.96,26.46
T2M,1987,26.14,26.98,28.3,29.41,28.54,26.33,25.97,25.38,25.69,26.09,25.66,25.46,26.65
T2M,1988,25.4,27.95,29.01,29.37,28.87,26.3,25.37,25.12,25.11,25.73,25.9,25.87,26.66
T2M,1989,26.7,27.62,28.81,29.05,28.23,26.01,24.9,25.06,25.01,25.86,25.67,25.32,26.51
T2M,1990,25.99,27.28,28.12,29.04,27.78,26.23,25.14,24.87,25.18,25.87,25.91,25.56,26.4
T2M,1991,26.35,27.8,29.05,29.44,29.24,26.51,25.43,25.05,25.46,26.07,25.76,25.05,26.76
T2M,1992,25.3,26.66,28.54,29.28,28.26,26.55,25.08,25.04,25.15,25.58,25.68,23.94,26.25
T2M,1993,24.97,26.64,28.04,28.94,28.53,26.37,25.28,24.88,25.24,25.55,25.58,25.01,26.25
T2M,1994,25.84,27,28.82,28.45,28.61,25.78,25.16,25.01,24.9,25.5,25.61,24.52,26.26
T2M,1995,25.43,27.46,28.94,29.32,27.55,26.29,25.42,25.55,25.52,26.08,25.33,24.74,26.46
T2M,1996,26.03,27.26,29.01,29.3,28.99,26.51,25.51,24.58,24.87,25.31,25.55,24.97,26.48
T2M,1997,25.52,26.47,29.01,29.12,29.09,26.97,25.71,25.44,25.62,26.46,26.43,26.33,26.85
T2M,1998,26.73,27.36,28.91,30.62,29.51,27.07,25.46,25.48,25.44,25.29,25.21,25.05,26.83
T2M,1999,25.2,28.01,29.29,28.43,26.51,26.18,25.37,25.13,25.36,25.55,25.4,24.96,26.27
T2M,2000,26.16,26.46,28.43,28.65,27.83,25.62,25.27,25.21,25.63,25.46,25.85,24.91,26.29
T2M,2001,26.55,27.56,28.44,28.01,27.76,25.87,25.04,24.85,25.28,25.8,26.12,25.15,26.36
T2M,2002,25.91,27.79,29.37,29.53,28.12,26.28,25.73,24.83,25.42,26.07,26.15,24.73,26.65
T2M,2003,26.12,28.18,29.47,29.82,29.49,26.97,25.63,25.46,25.63,26.01,26.02,25.13,26.98
T2M,2004,25.98,27.68,29.49,29.44,27.05,26.05,25.56,25.31,25.36,26.07,25.91,25.07,26.58
T2M,2005,26.53,27.85,28.92,28.73,28.98,26.71,25.78,25.44,25.33,25.76,25.23,24.97,26.68
T2M,2006,25.97,27.2,28.48,29.25,28.22,26.15,25.69,25.53,25.56,25.99,25.98,24.46,26.53
T2M,2007,25.12,26.58,28.8,29.36,28.16,26.51,25.8,25.23,25.48,25.69,25.01,25.46,26.43
T2M,2008,25.44,26.94,27.37,28.05,27.83,26.5,25.76,25.3,25.62,26.51,25.91,25.37,26.38
T2M,2009,25.94,27.84,29.01,29.38,28.26,26.37,25.65,25.69,25.76,25.9,26.14,25.56,26.78
T2M,2010,25.54,27.55,29.47,29.08,28.73,27.1,25.58,25.35,25.58,26.08,25.65,24.8,26.7
T2M,2011,24.73,25.98,28.86,28.3,28.34,26.62,25.37,25.31,25.53,26.12,25.75,25.12,26.33
T2M,2012,25.51,27.6,28.51,28.58,28.37,26.51,25.83,25.48,25.55,26.24,25.58,25.82,26.63
T2M,2013,26.16,27.62,29.12,29.31,28.65,26.1,25.19,25.26,25.19,25.89,26.2,25.04,26.63
T2M,2014,26.3,27.33,29.2,29.35,28.55,27.26,25.93,25.36,25.77,26.31,25.81,25.58,26.89
T2M,2015,25.51,27.37,28.59,28.46,28.07,26.63,26.14,25.88,26.14,26.59,26.37,26.4,26.84
T2M,2016,26.26,28.32,29.62,30.31,29.6,26.58,25.51,25.57,25.19,25.62,25.66,25.76,26.99
T2M,2017,26.6,28.05,28.83,29.44,28.82,26.76,26.1,25.69,25.91,26.21,26.13,25.55,27
T2M,2018,26.15,27.73,29.19,29.64,28.1,26.35,25.73,25.03,25.53,26.4,26.57,26.69,26.92
T2M,2019,26.25,28.19,29,30.21,29.49,27.81,26.29,25.8,25.96,25.95,26.72,26.5,27.33
T2M,2020,26.55,27.89,29.23,30.22,28.9,26.73,25.73,25.84,25.57,25.7,26.39,26.15,27.07
T2M,2021,26.34,26.82,29.35,29.11,27.77,26.63,25.81,25.66,25.87,26.33,25.94,25.54,26.76
QV2M,1981,13.43,12.63,14.16,16.36,17.7,18.43,18.74,18.31,17.94,17.09,15.69,14.16,16.24
QV2M,1982,13.61,13.92,13.98,15.75,17.58,18.13,18.43,18.01,17.15,17.15,16.91,13.49,16.17
QV2M,1983,12.08,12.51,13.49,15.14,17.7,18.31,18.25,18.31,17.64,17.15,15.08,15.26,15.93
QV2M,1984,14.53,14.53,15.2,17.33,17.52,18.62,17.88,17.52,17.52,16.97,15.93,13.67,16.42
QV2M,1985,14.22,13.92,15.62,16.48,17.52,17.94,17.52,17.7,17.15,16.66,15.44,14.47,16.24
QV2M,1986,13.79,13.92,15.38,16.6,17.46,18.31,18.19,17.46,17.46,17.52,16.24,14.95,16.48
QV2M,1987,12.45,12.08,13.73,15.93,17.21,18.92,18.31,18.37,18.25,18.25,16.48,15.38,16.3
QV2M,1988,12.94,14.1,14.4,17.03,17.76,19.04,18.62,18.43,18.01,17.21,14.77,12.7,16.24
QV2M,1989,11.96,11.29,14.77,16.66,17.94,18.49,17.82,18.07,17.58,17.88,15.38,14.34,16.05
QV2M,1990,11.66,12.7,14.53,15.69,18.13,18.92,18.13,18.07,17.58,17.94,16.6,14.16,16.17
QV2M,1991,12.82,12.45,15.01,16.72,18.19,19.23,18.37,18.07,17.82,17.76,15.62,13.12,16.3
QV2M,1992,10.62,13.37,14.65,15.99,17.94,18.98,18.25,18.07,17.88,17.58,16.54,12.76,16.05
QV2M,1993,11.96,12.08,14.71,16.3,17.88,18.92,18.37,18.01,17.76,18.07,16.42,14.16,16.24
QV2M,1994,13.61,14.04,15.26,17.46,17.64,18.8,18.25,18.01,17.15,18.19,15.93,13,16.48
QV2M,1995,13,13.67,14.34,16.78,18.43,18.8,18.62,18.68,18.13,17.94,15.69,12.08,16.36
QV2M,1996,12.15,12.39,14.71,16.3,17.09,18.86,18.49,17.82,17.76,17.58,15.93,13.61,16.05
QV2M,1997,12.88,12.27,14.95,15.26,16.91,18.37,18.98,18.43,17.88,18.13,18.01,16.72,16.6
QV2M,1998,14.34,13.79,15.01,17.46,19.1,19.23,18.8,18.86,18.43,17.88,16.36,14.22,16.97
QV2M,1999,12.39,13.06,15.56,16.91,18.55,18.68,18.49,18.19,17.88,18.49,15.75,13.61,16.48
QV2M,2000,13.43,13.85,14.1,17.27,17.7,18.49,18.13,18.13,18.43,17.64,15.56,12.21,16.24
QV2M,2001,13.06,13.85,14.22,17.76,18.74,18.74,18.43,18.19,17.88,17.76,16.54,13.55,16.6
QV2M,2002,13.49,13.61,15.2,17.15,19.23,19.17,18.55,18.25,17.58,18.49,16.6,12.82,16.66
QV2M,2003,13.49,14.53,15.38,17.46,18.07,18.98,19.17,18.74,18.19,18.13,15.99,12.88,16.72
QV2M,2004,13.24,12.88,15.62,17.27,19.23,18.92,18.43,18.25,17.94,17.7,15.81,12.51,16.48
QV2M,2005,13.67,13.24,15.01,17.94,17.94,19.41,19.29,18.68,18.43,18.19,15.62,14.59,16.85
QV2M,2006,13.18,11.84,15.08,16.24,18.49,19.1,18.68,18.49,18.49,18.13,17.52,13.55,16.6
QV2M,2007,13.06,13.37,15.5,17.7,18.55,19.35,19.17,18.49,18.55,17.82,15.08,14.4,16.78
QV2M,2008,12.45,13.79,15.62,17.76,17.88,19.04,18.92,18.37,17.94,17.4,15.44,13.85,16.54
QV2M,2009,12.63,13.92,15.81,17.4,18.31,18.62,18.98,18.8,18.86,17.27,17.46,15.87,17.03
QV2M,2010,14.47,14.59,15.87,18.37,19.59,19.41,18.62,18.8,18.43,18.49,17.64,15.32,17.46
QV2M,2011,13,12.88,14.83,17.09,18.13,19.17,18.49,18.55,18.31,17.88,15.87,13.49,16.48
QV2M,2012,13.06,12.82,15.01,17.52,17.82,18.62,18.86,18.43,18.19,17.58,15.93,14.83,16.54
QV2M,2013,13.18,14.28,15.38,16.3,18.25,19.17,18.55,18.37,18.07,18.13,16.6,13.61,16.66
QV2M,2014,13.85,13.92,14.4,17.52,18.62,19.71,19.23,18.62,18.62,18.19,15.32,14.95,16.91
QV2M,2015,13.24,12.88,15.93,17.46,19.29,19.35,18.98,18.98,18.55,18.01,17.09,15.56,17.15
QV2M,2016,13.24,14.83,16.11,17.4,18.8,18.98,18.74,18.55,18.01,17.03,15.26,13.18,16.66
QV2M,2017,12.39,13,14.83,16.91,18.68,19.1,18.98,18.86,18.8,18.07,16.36,14.04,16.66
QV2M,2018,13.12,12.33,15.01,17.27,18.86,19.1,18.92,18.31,17.52,17.46,16.11,14.59,16.6
QV2M,2019,11.47,13.24,14.65,16.91,17.52,19.17,19.04,18.98,18.8,18.68,17.82,16.54,16.91
QV2M,2020,15.01,13.92,15.75,17.46,19.53,19.17,18.86,19.04,18.55,18.07,17.15,15.87,17.4
QV2M,2021,15.2,13.98,15.69,17.64,19.59,19.04,19.04,18.55,18.8,18.92,18.25,15.87,17.58
ALLSKY_KT,1981,-999,-999,-999,-999,-999,-999,-999,-999,-999,-999,-999,-999,-999
ALLSKY_KT,1982,-999,-999,-999,-999,-999,-999,-999,-999,-999,-999,-999,-999,-999
ALLSKY_KT,1983,-999,-999,-999,-999,-999,-999,-999,-999,-999,-999,-999,-999,-999
ALLSKY_KT,1984,0.59,0.62,0.59,0.63,0.59,0.36,0.49,0.52,0.53,0.55,0.61,0.63,0.55
ALLSKY_KT,1985,0.62,0.62,0.62,0.65,0.55,0.41,0.43,0.48,0.56,0.56,0.61,0.62,0.55
ALLSKY_KT,1986,0.61,0.63,0.62,0.65,0.6,0.4,0.51,0.52,0.55,0.59,0.58,0.62,0.57
ALLSKY_KT,1987,0.63,0.63,0.62,0.65,0.63,0.37,0.54,0.45,0.55,0.54,0.58,0.61,0.56
ALLSKY_KT,1988,0.62,0.62,0.62,0.66,0.55,0.41,0.39,0.41,0.5,0.6,0.65,0.65,0.55
ALLSKY_KT,1989,0.61,0.66,0.63,0.61,0.6,0.41,0.38,0.51,0.51,0.55,0.62,0.63,0.55
ALLSKY_KT,1990,0.63,0.64,0.62,0.62,0.45,0.45,0.39,0.39,0.52,0.55,0.55,0.63,0.53
ALLSKY_KT,1991,0.62,0.62,0.62,0.62,0.57,0.3,0.36,0.46,0.55,0.49,0.58,0.61,0.53
ALLSKY_KT,1992,0.63,0.62,0.62,0.65,0.57,0.38,0.34,0.41,0.49,0.55,0.53,0.64,0.53
ALLSKY_KT,1993,0.62,0.62,0.6,0.64,0.61,0.41,0.37,0.52,0.53,0.47,0.57,0.6,0.55
ALLSKY_KT,1994,0.62,0.63,0.62,0.61,0.58,0.34,0.34,0.47,0.57,0.49,0.59,0.63,0.54
ALLSKY_KT,1995,0.61,0.64,0.63,0.65,0.58,0.36,0.28,0.4,0.54,0.55,0.62,0.66,0.54
ALLSKY_KT,1996,0.62,0.64,0.62,0.64,0.61,0.41,0.37,0.44,0.52,0.56,0.62,0.59,0.55
ALLSKY_KT,1997,0.62,0.64,0.63,0.66,0.6,0.42,0.35,0.44,0.55,0.58,0.56,0.56,0.55
ALLSKY_KT,1998,0.62,0.63,0.62,0.65,0.57,0.41,0.37,0.44,0.45,0.5,0.55,0.6,0.53
ALLSKY_KT,1999,0.67,0.71,0.66,0.63,0.4,0.43,0.35,0.48,0.59,0.54,0.61,0.67,0.55
ALLSKY_KT,2000,0.67,0.65,0.68,0.63,0.55,0.33,0.49,0.42,0.55,0.53,0.62,0.65,0.56
ALLSKY_KT,2001,0.61,0.65,0.66,0.58,0.51,0.39,0.38,0.48,0.52,0.53,0.58,0.65,0.54
ALLSKY_KT,2002,0.65,0.63,0.65,0.63,0.48,0.41,0.49,0.44,0.59,0.48,0.6,0.64,0.55
ALLSKY_KT,2003,0.61,0.65,0.65,0.61,0.55,0.36,0.33,0.44,0.55,0.52,0.61,0.68,0.54
ALLSKY_KT,2004,0.66,0.67,0.64,0.62,0.41,0.41,0.38,0.48,0.51,0.55,0.58,0.68,0.55
ALLSKY_KT,2005,0.62,0.68,0.66,0.59,0.56,0.39,0.39,0.49,0.5,0.52,0.56,0.63,0.55
ALLSKY_KT,2006,0.67,0.7,0.66,0.62,0.49,0.43,0.47,0.48,0.48,0.54,0.52,0.64,0.55
ALLSKY_KT,2007,0.64,0.66,0.63,0.62,0.54,0.36,0.38,0.41,0.43,0.52,0.64,0.62,0.53
ALLSKY_KT,2008,0.68,0.62,0.55,0.62,0.55,0.38,0.41,0.43,0.52,0.55,0.6,0.63,0.54
ALLSKY_KT,2009,0.67,0.66,0.63,0.58,0.55,0.41,0.35,0.48,0.45,0.58,0.53,0.57,0.53
ALLSKY_KT,2010,0.62,0.65,0.62,0.58,0.55,0.38,0.31,0.41,0.52,0.48,0.54,0.6,0.52
ALLSKY_KT,2011,0.68,0.68,0.66,0.59,0.59,0.4,0.32,0.38,0.51,0.56,0.58,0.63,0.54
ALLSKY_KT,2012,0.66,0.66,0.63,0.57,0.55,0.38,0.43,0.39,0.54,0.54,0.58,0.62,0.54
ALLSKY_KT,2013,0.66,0.64,0.62,0.62,0.5,0.36,0.37,0.48,0.49,0.53,0.58,0.65,0.53
ALLSKY_KT,2014,0.64,0.64,0.65,0.57,0.55,0.45,0.38,0.38,0.52,0.52,0.57,0.55,0.53
ALLSKY_KT,2015,0.63,0.67,0.61,0.57,0.5,0.38,0.45,0.51,0.54,0.51,0.53,0.62,0.54
ALLSKY_KT,2016,0.62,0.62,0.63,0.62,0.55,0.34,0.38,0.51,0.53,0.57,0.59,0.62,0.55
ALLSKY_KT,2017,0.63,0.66,0.63,0.61,0.53,0.38,0.43,0.4,0.49,0.51,0.56,0.61,0.53
ALLSKY_KT,2018,0.62,0.64,0.61,0.59,0.47,0.33,0.43,0.45,0.61,0.55,0.59,0.58,0.53
ALLSKY_KT,2019,0.66,0.66,0.65,0.62,0.59,0.48,0.39,0.36,0.48,0.48,0.61,0.57,0.54
ALLSKY_KT,2020,0.64,0.64,0.66,0.62,0.54,0.37,0.39,0.4,0.42,0.52,0.59,0.6,0.52
ALLSKY_KT,2021,0.59,0.65,0.62,0.59,0.45,0.44,0.38,0.45,0.51,0.48,0.47,0.63,0.52
ALLSKY_SRF_ALB,1981,-999,-999,-999,-999,-999,-999,-999,-999,-999,-999,-999,-999,-999
ALLSKY_SRF_ALB,1982,-999,-999,-999,-999,-999,-999,-999,-999,-999,-999,-999,-999,-999
ALLSKY_SRF_ALB,1983,-999,-999,-999,-999,-999,-999,-999,-999,-999,-999,-999,-999,-999
ALLSKY_SRF_ALB,1984,0.08,0.07,0.06,0.06,0.07,0.05,0.05,0.05,0.05,0.05,0.05,0.05,0.05
ALLSKY_SRF_ALB,1985,0.05,0.05,0.05,0.05,0.05,0.05,0.05,0.05,0.05,0.06,0.08,0.09,0.05
ALLSKY_SRF_ALB,1986,0.06,0.07,0.06,0.05,0.06,0.05,0.05,0.05,0.06,0.06,0.07,0.09,0.06
ALLSKY_SRF_ALB,1987,0.07,0.06,0.06,0.09,0.06,0.05,0.06,0.05,0.06,0.07,0.08,0.07,0.07
ALLSKY_SRF_ALB,1988,0.08,0.06,0.07,0.07,0.08,0.05,0.05,0.05,0.05,0.05,0.06,0.07,0.06
ALLSKY_SRF_ALB,1989,0.05,0.05,0.05,0.05,0.05,0.05,0.05,0.05,0.05,0.07,0.06,0.06,0.05
ALLSKY_SRF_ALB,1990,0.05,0.05,0.05,0.06,0.05,0.05,0.05,0.05,0.05,0.06,0.07,0.08,0.06
ALLSKY_SRF_ALB,1991,0.05,0.05,0.05,0.05,0.05,0.05,0.05,0.05,0.06,0.06,0.07,0.09,0.06
ALLSKY_SRF_ALB,1992,0.08,0.07,0.07,0.09,0.06,0.06,0.05,0.05,0.06,0.08,0.06,0.09,0.07
ALLSKY_SRF_ALB,1993,0.06,0.07,0.07,0.06,0.09,0.06,0.06,0.07,0.06,0.05,0.07,0.08,0.07
ALLSKY_SRF_ALB,1994,0.06,0.06,0.06,0.07,0.06,0.05,0.05,0.05,0.06,0.06,0.05,0.07,0.06
ALLSKY_SRF_ALB,1995,0.05,0.05,0.05,0.05,0.05,0.05,0.05,0.05,0.05,0.05,0.06,0.05,0.05
ALLSKY_SRF_ALB,1996,0.05,0.05,0.05,0.05,0.06,0.05,0.05,0.05,0.05,0.05,0.05,0.06,0.05
ALLSKY_SRF_ALB,1997,0.05,0.05,0.05,0.04,0.05,0.05,0.05,0.05,0.05,0.05,0.06,0.07,0.05
ALLSKY_SRF_ALB,1998,0.05,0.06,0.05,0.05,0.05,0.05,0.05,0.05,0.05,0.05,0.05,0.04,0.05
ALLSKY_SRF_ALB,1999,0.04,0.03,0.05,0.05,0.05,0.05,0.05,0.05,0.05,0.04,0.04,0.03,0.05
ALLSKY_SRF_ALB,2000,0.04,0.05,0.05,0.05,0.05,0.05,0.05,0.05,0.05,0.05,0.03,0.03,0.05
ALLSKY_SRF_ALB,2001,0.07,0.05,0.06,0.06,0.05,0.05,0.06,0.05,0.05,0.05,0.05,0.06,0.05
ALLSKY_SRF_ALB,2002,0.06,0.07,0.06,0.07,0.05,0.05,0.06,0.05,0.05,0.05,0.06,0.07,0.06
ALLSKY_SRF_ALB,2003,0.07,0.06,0.07,0.07,0.05,0.05,0.05,0.05,0.05,0.05,0.05,0.07,0.06
ALLSKY_SRF_ALB,2004,0.08,0.07,0.08,0.08,0.05,0.05,0.06,0.05,0.05,0.05,0.06,0.07,0.06
ALLSKY_SRF_ALB,2005,0.07,0.07,0.07,0.06,0.05,0.05,0.06,0.05,0.05,0.05,0.06,0.06,0.06
ALLSKY_SRF_ALB,2006,0.06,0.07,0.06,0.06,0.05,0.05,0.06,0.05,0.05,0.05,0.05,0.06,0.05
ALLSKY_SRF_ALB,2007,0.07,0.07,0.06,0.06,0.05,0.05,0.06,0.05,0.05,0.06,0.06,0.06,0.06
ALLSKY_SRF_ALB,2008,0.07,0.07,0.07,0.07,0.05,0.05,0.06,0.05,0.05,0.06,0.05,0.07,0.06
ALLSKY_SRF_ALB,2009,0.07,0.07,0.06,0.07,0.06,0.05,0.05,0.05,0.05,0.05,0.05,0.05,0.06
ALLSKY_SRF_ALB,2010,0.06,0.06,0.06,0.06,0.05,0.05,0.05,0.05,0.05,0.05,0.04,0.07,0.05
ALLSKY_SRF_ALB,2011,0.06,0.06,0.07,0.06,0.05,0.05,0.06,0.05,0.05,0.05,0.05,0.06,0.05
ALLSKY_SRF_ALB,2012,0.06,0.06,0.06,0.05,0.05,0.05,0.06,0.05,0.05,0.05,0.06,0.05,0.05
ALLSKY_SRF_ALB,2013,0.07,0.07,0.06,0.06,0.05,0.05,0.06,0.05,0.05,0.05,0.05,0.06,0.06
ALLSKY_SRF_ALB,2014,0.06,0.06,0.06,0.06,0.05,0.05,0.06,0.05,0.05,0.04,0.05,0.05,0.05
ALLSKY_SRF_ALB,2015,0.06,0.07,0.05,0.06,0.05,0.05,0.06,0.05,0.05,0.05,0.04,0.05,0.05
ALLSKY_SRF_ALB,2016,0.05,0.05,0.06,0.06,0.05,0.05,0.06,0.05,0.05,0.05,0.05,0.05,0.05
ALLSKY_SRF_ALB,2017,0.06,0.07,0.06,0.07,0.06,0.05,0.06,0.05,0.05,0.05,0.05,0.06,0.05
ALLSKY_SRF_ALB,2018,0.06,0.07,0.08,0.06,0.05,0.05,0.06,0.05,0.05,0.07,0.07,0.05,0.06
ALLSKY_SRF_ALB,2019,0.07,0.06,0.05,0.06,0.05,0.05,0.06,0.05,0.05,0.05,0.05,0.05,0.05
ALLSKY_SRF_ALB,2020,0.06,0.07,0.06,0.06,0.08,0.05,0.06,0.05,0.05,0.05,0.05,0.05,0.06
ALLSKY_SRF_ALB,2021,0.06,0.07,0.08,0.07,0.05,0.05,0.06,0.05,0.05,0.05,0.05,0.05,0.06
ALLSKY_SFC_SW_DWN,1981,-999,-999,-999,-999,-999,-999,-999,-999,-999,-999,-999,-999,-999
ALLSKY_SFC_SW_DWN,1982,-999,-999,-999,-999,-999,-999,-999,-999,-999,-999,-999,-999,-999
ALLSKY_SFC_SW_DWN,1983,-999,-999,-999,-999,-999,-999,-999,-999,-999,-999,-999,-999,-999
ALLSKY_SFC_SW_DWN,1984,5.06,5.84,5.98,6.64,6.25,3.77,5.11,5.36,5.43,5.31,5.33,5.2,5.44
ALLSKY_SFC_SW_DWN,1985,5.29,5.83,6.34,6.82,5.84,4.2,4.47,4.99,5.72,5.34,5.31,5.15,5.44
ALLSKY_SFC_SW_DWN,1986,5.18,5.9,6.28,6.8,6.35,4.16,5.28,5.34,5.65,5.58,5.04,5.1,5.55
ALLSKY_SFC_SW_DWN,1987,5.44,5.89,6.24,6.8,6.67,3.79,5.64,4.65,5.69,5.15,5.04,5.05,5.5
ALLSKY_SFC_SW_DWN,1988,5.36,5.81,6.29,6.88,5.85,4.23,4.1,4.27,5.07,5.7,5.67,5.34,5.38
ALLSKY_SFC_SW_DWN,1989,5.25,6.13,6.41,6.45,6.35,4.27,3.98,5.33,5.2,5.2,5.44,5.23,5.43
ALLSKY_SFC_SW_DWN,1990,5.39,5.97,6.36,6.61,4.66,4.65,4.04,4.06,5.34,5.24,4.76,5.23,5.18
ALLSKY_SFC_SW_DWN,1991,5.3,5.79,6.25,6.59,6.01,3.18,3.79,4.85,5.59,4.72,5.03,5.06,5.18
ALLSKY_SFC_SW_DWN,1992,5.41,5.84,6.3,6.83,5.97,4.03,3.62,4.36,5,5.27,4.61,5.3,5.21
ALLSKY_SFC_SW_DWN,1993,5.33,5.83,6.09,6.75,6.38,4.31,3.8,5.39,5.42,4.46,4.97,4.94,5.3
ALLSKY_SFC_SW_DWN,1994,5.27,5.92,6.31,6.44,6.06,3.47,3.54,4.86,5.83,4.71,5.19,5.2,5.23
ALLSKY_SFC_SW_DWN,1995,5.19,5.99,6.38,6.81,6.08,3.72,2.97,4.16,5.5,5.24,5.35,5.41,5.22
ALLSKY_SFC_SW_DWN,1996,5.37,5.96,6.28,6.74,6.44,4.27,3.83,4.57,5.3,5.32,5.41,4.9,5.36
ALLSKY_SFC_SW_DWN,1997,5.36,6.01,6.37,6.95,6.3,4.38,3.63,4.58,5.59,5.51,4.87,4.64,5.34
ALLSKY_SFC_SW_DWN,1998,5.29,5.89,6.28,6.79,5.97,4.27,3.85,4.6,4.54,4.75,4.84,4.97,5.16
ALLSKY_SFC_SW_DWN,1999,5.78,6.67,6.74,6.64,4.19,4.51,3.66,5,5.99,5.17,5.33,5.58,5.43
ALLSKY_SFC_SW_DWN,2000,5.73,6.03,6.9,6.67,5.79,3.43,5.11,4.39,5.56,5.08,5.42,5.37,5.46
ALLSKY_SFC_SW_DWN,2001,5.25,6.03,6.66,6.12,5.39,4.08,3.88,4.94,5.34,5.08,5.05,5.34,5.26
ALLSKY_SFC_SW_DWN,2002,5.54,5.95,6.58,6.69,5.03,4.36,5.15,4.56,5.96,4.54,5.27,5.33,5.41
ALLSKY_SFC_SW_DWN,2003,5.24,6.08,6.53,6.44,5.78,3.74,3.43,4.6,5.62,4.93,5.3,5.59,5.27
ALLSKY_SFC_SW_DWN,2004,5.6,6.28,6.47,6.51,4.31,4.35,4.01,5.01,5.14,5.27,5.07,5.6,5.3
ALLSKY_SFC_SW_DWN,2005,5.35,6.39,6.75,6.22,5.91,4.07,4.08,5.15,5.06,4.93,4.94,5.24,5.33
ALLSKY_SFC_SW_DWN,2006,5.73,6.54,6.72,6.59,5.16,4.5,4.89,5.09,4.94,5.12,4.47,5.31,5.42
ALLSKY_SFC_SW_DWN,2007,5.5,6.22,6.41,6.58,5.66,3.72,3.91,4.28,4.41,4.92,5.62,5.15,5.19
ALLSKY_SFC_SW_DWN,2008,5.79,5.82,5.62,6.46,5.79,4.02,4.22,4.5,5.3,5.27,5.26,5.25,5.27
ALLSKY_SFC_SW_DWN,2009,5.73,6.19,6.44,6.07,5.78,4.34,3.63,4.94,4.58,5.48,4.64,4.74,5.21
ALLSKY_SFC_SW_DWN,2010,5.26,6.09,6.21,6.1,5.8,4,3.27,4.23,5.24,4.64,4.71,4.94,5.03
ALLSKY_SFC_SW_DWN,2011,5.79,6.31,6.69,6.25,6.14,4.16,3.34,3.96,5.15,5.4,5.05,5.24,5.28
ALLSKY_SFC_SW_DWN,2012,5.59,6.12,6.39,6.03,5.87,4.01,4.48,4.08,5.47,5.17,5.03,5.15,5.28
ALLSKY_SFC_SW_DWN,2013,5.69,5.97,6.27,6.57,5.26,3.74,3.79,4.98,5.01,5.06,5.04,5.34,5.22
ALLSKY_SFC_SW_DWN,2014,5.47,6.01,6.53,6.04,5.75,4.74,4.02,3.97,5.37,4.89,5,4.51,5.18
ALLSKY_SFC_SW_DWN,2015,5.44,6.3,6.13,6,5.25,3.9,4.65,5.27,5.49,4.87,4.66,5.09,5.25
ALLSKY_SFC_SW_DWN,2016,5.37,5.75,6.4,6.58,5.79,3.59,3.92,5.28,5.37,5.43,5.19,5.08,5.31
ALLSKY_SFC_SW_DWN,2017,5.42,6.18,6.43,6.44,5.6,3.93,4.48,4.17,5.02,4.81,4.91,5.05,5.2
ALLSKY_SFC_SW_DWN,2018,5.28,5.96,6.2,6.23,4.94,3.38,4.49,4.64,6.22,5.3,5.11,4.78,5.2
ALLSKY_SFC_SW_DWN,2019,5.68,6.21,6.55,6.57,6.18,4.97,4.07,3.75,4.84,4.55,5.32,4.72,5.27
ALLSKY_SFC_SW_DWN,2020,5.47,5.98,6.62,6.57,5.72,3.86,4.06,4.18,4.26,4.9,5.11,4.97,5.14
ALLSKY_SFC_SW_DWN,2021,5.04,6.05,6.37,6.18,4.78,4.54,3.98,4.72,5.2,4.64,4.12,5.22,5.06
CLRSKY_SFC_SW_DWN,1981,-999,-999,-999,-999,-999,-999,-999,-999,-999,-999,-999,-999,-999
CLRSKY_SFC_SW_DWN,1982,-999,-999,-999,-999,-999,-999,-999,-999,-999,-999,-999,-999,-999
CLRSKY_SFC_SW_DWN,1983,-999,-999,-999,-999,-999,-999,-999,-999,-999,-999,-999,-999,-999
CLRSKY_SFC_SW_DWN,1984,5.39,5.76,6.24,6.96,6.89,6.76,7.04,6.89,6.65,6.08,5.62,5.31,6.3
CLRSKY_SFC_SW_DWN,1985,5.37,5.91,6.32,7.03,6.85,6.72,7,6.85,6.71,6.21,5.76,5.37,6.34
CLRSKY_SFC_SW_DWN,1986,5.38,5.93,6.3,7.03,6.9,6.76,6.99,6.89,6.67,6.17,5.73,5.44,6.35
CLRSKY_SFC_SW_DWN,1987,5.53,5.91,6.25,7,6.92,6.84,7.01,6.91,6.76,6.21,5.65,5.38,6.37
CLRSKY_SFC_SW_DWN,1988,5.38,5.78,6.31,7.02,6.96,6.81,7.03,6.91,6.81,6.16,5.88,5.5,6.38
CLRSKY_SFC_SW_DWN,1989,5.43,6.11,6.43,7.06,6.9,6.79,7.06,6.88,6.7,6.22,5.8,5.38,6.4
CLRSKY_SFC_SW_DWN,1990,5.49,6.01,6.38,6.96,6.86,6.75,6.96,6.85,6.69,6.21,5.66,5.35,6.35
CLRSKY_SFC_SW_DWN,1991,5.41,5.78,6.27,6.9,6.78,6.71,6.97,6.74,6.6,5.98,5.65,5.32,6.26
CLRSKY_SFC_SW_DWN,1992,5.41,5.86,6.34,6.95,6.88,6.78,6.96,6.86,6.62,6.19,5.57,5.34,6.31
CLRSKY_SFC_SW_DWN,1993,5.42,5.89,6.3,7.01,6.91,6.8,7.06,6.9,6.71,6.16,5.61,5.22,6.33
CLRSKY_SFC_SW_DWN,1994,5.32,5.88,6.29,7.01,6.89,6.8,6.99,6.8,6.67,6.03,5.54,5.21,6.29
CLRSKY_SFC_SW_DWN,1995,5.19,5.99,6.37,6.98,6.85,6.76,6.97,6.87,6.68,6.22,5.73,5.42,6.34
CLRSKY_SFC_SW_DWN,1996,5.42,5.98,6.39,6.92,6.87,6.81,6.99,6.86,6.71,6.22,5.74,5.35,6.36
CLRSKY_SFC_SW_DWN,1997,5.39,6.03,6.36,7.05,6.82,6.8,7.02,6.85,6.69,6.1,5.59,5.21,6.33
CLRSKY_SFC_SW_DWN,1998,5.33,5.94,6.27,6.94,6.71,6.7,7.14,7.22,7.08,6.45,5.79,5.66,6.44
CLRSKY_SFC_SW_DWN,1999,5.98,6.7,6.8,7.09,7.16,6.96,7.12,7.08,7.08,6.58,5.96,5.7,6.68
CLRSKY_SFC_SW_DWN,2000,5.93,6.29,6.89,7.05,7.18,6.99,7.12,7.22,6.98,6.52,6.02,5.73,6.66
CLRSKY_SFC_SW_DWN,2001,5.78,6.32,6.91,7.1,7.12,6.88,6.72,6.91,6.73,6.27,5.79,5.66,6.52
CLRSKY_SFC_SW_DWN,2002,5.77,6.42,6.86,7.16,7.03,6.83,6.74,6.71,6.98,6.29,5.81,5.64,6.52
CLRSKY_SFC_SW_DWN,2003,5.69,6.26,6.85,7.02,7.01,6.87,6.68,6.75,6.87,6.28,5.83,5.68,6.48
CLRSKY_SFC_SW_DWN,2004,5.82,6.43,6.86,7.12,7,6.76,6.87,6.88,6.82,6.41,5.78,5.72,6.54
CLRSKY_SFC_SW_DWN,2005,5.69,6.54,7,7.05,7.06,6.81,6.64,6.81,6.76,6.22,5.8,5.58,6.49
CLRSKY_SFC_SW_DWN,2006,5.88,6.64,6.98,7.03,7.02,6.92,6.58,6.86,6.84,6.34,5.7,5.61,6.53
CLRSKY_SFC_SW_DWN,2007,5.84,6.44,6.7,6.98,7.09,6.91,6.69,6.9,6.78,6.19,5.95,5.57,6.5
CLRSKY_SFC_SW_DWN,2008,5.9,6.22,6.98,7.02,7.04,6.49,6.67,6.76,6.8,6.32,5.69,5.5,6.45
CLRSKY_SFC_SW_DWN,2009,5.87,6.35,6.69,6.82,6.83,7.02,6.6,6.77,6.66,6.24,5.73,5.35,6.41
CLRSKY_SFC_SW_DWN,2010,5.62,6.29,6.65,6.96,6.83,6.9,6.82,6.89,6.74,6.25,5.68,5.45,6.42
CLRSKY_SFC_SW_DWN,2011,5.91,6.47,6.9,6.95,6.91,6.71,6.55,6.77,6.71,6.23,5.77,5.47,6.44
CLRSKY_SFC_SW_DWN,2012,5.83,6.37,6.76,6.89,6.81,6.78,6.74,6.87,6.79,6.26,5.71,5.53,6.44
CLRSKY_SFC_SW_DWN,2013,5.83,6.31,6.73,7.06,6.77,6.47,6.62,6.84,6.81,6.22,5.56,5.55,6.4
CLRSKY_SFC_SW_DWN,2014,5.7,6.28,6.94,6.72,6.85,6.75,6.65,6.77,6.75,6.09,5.61,5.3,6.37
CLRSKY_SFC_SW_DWN,2015,5.61,6.43,6.68,6.94,6.74,6.74,6.81,6.94,6.76,6.17,5.68,5.5,6.42
CLRSKY_SFC_SW_DWN,2016,5.71,6.15,6.72,6.99,6.88,6.69,6.59,6.87,6.73,6.27,5.56,5.5,6.39
CLRSKY_SFC_SW_DWN,2017,5.7,6.37,6.8,6.8,6.75,6.82,6.66,6.76,6.71,6.06,5.55,5.41,6.37
CLRSKY_SFC_SW_DWN,2018,5.46,6.35,6.76,6.82,6.69,6.65,6.46,6.41,6.89,6.25,5.69,5.14,6.29
CLRSKY_SFC_SW_DWN,2019,5.78,6.35,6.8,6.94,6.78,6.8,6.88,6.78,6.7,6.29,5.68,5.37,6.43
CLRSKY_SFC_SW_DWN,2020,5.72,6.29,6.81,6.94,6.81,6.95,6.97,6.76,6.75,6.08,5.66,5.36,6.42
CLRSKY_SFC_SW_DWN,2021,5.56,6.27,6.71,6.76,6.75,6.83,6.86,6.78,6.69,6.22,5.55,5.36,6.36
